cluster,point_count,rmse,s0,z0,c
0,401,0.02941197342291794,0.40013023526334257,6.451231853359765,148.02635725568828
1,398,0.028083285158346596,-0.5477529235797879,6.503093800229045,151.06243121041595
2,421,0.028804397695232884,0.20996453758476716,10.000160529968511,200.9002424380708
3,392,0.029491661803283747,-0.04531334592428737,6.523510183540187,155.4922338826747
4,401,0.029684024033746908,0.6333941628458571,9.996831553137554,199.87408535976866
5,408,0.029439402114551184,-0.2646167330848358,9.999762974798626,202.17643313562806
6,382,0.029612392496127352,0.9047515828880912,6.499977699831263,152.81744895219728
